Time,GameId,Type,Player,Item,x,y,z
0,0,ITEM,World,ammo_bullets,932.000000,1348.000000,16.000000
0,0,ITEM,World,ammo_shells,272.000000,512.000000,-16.000000
0,0,ITEM,World,item_health,1120.000000,2316.000000,48.000000
0,0,ITEM,World,item_armor_shard,212.000000,2132.000000,16.000000
0,0,ITEM,World,item_health_large,672.000000,1288.000000,16.000000
0,0,ITEM,World,item_health,1120.000000,512.000000,-24.000000
0,0,ITEM,World,item_armor_body,668.000000,-80.000000,64.000000
0,0,ITEM,World,weapon_plasmagun,670.000000,728.000000,-32.000000
0,0,ITEM,World,weapon_rocketlauncher,668.000000,2096.000000,16.000000
0,0,ITEM,World,weapon_shotgun,384.000000,1472.000000,16.000000
0,0,ITEM,World,item_health,1056.000000,512.000000,-24.000000
0,0,ITEM,World,ammo_cells,1120.000000,1896.000000,16.000000
0,0,ITEM,World,item_armor_shard,212.000000,2096.000000,16.000000
0,0,ITEM,World,item_health,1084.000000,2364.000000,48.000000
0,0,ITEM,World,item_armor_shard,212.000000,2060.000000,16.000000
0,0,ITEM,World,item_armor_shard,1120.000000,2128.000000,16.000000
0,0,ITEM,World,item_armor_shard,1120.000000,2092.000000,16.000000
0,0,ITEM,World,item_armor_shard,1120.000000,2056.000000,16.000000
2,0,ITEM,Steven,item_armor_shard,212.000000,2096.000000,16.000000
2,0,ITEM,Steven,item_armor_shard,212.000000,2132.000000,16.000000
2,0,ITEM,Steven,item_armor_shard,212.000000,2060.000000,16.000000
4,0,ITEM,Ranger,ammo_cells,1120.000000,1896.000000,16.000000
4,0,ITEM,Steven,weapon_rocketlauncher,668.000000,2096.000000,16.000000
4,0,ITEM,Ranger,item_armor_shard,1120.000000,2056.000000,16.000000
4,0,ITEM,Ranger,item_armor_shard,1120.000000,2092.000000,16.000000
4,0,ITEM,Ranger,item_armor_shard,1120.000000,2128.000000,16.000000
9,0,ITEM,Ranger,ammo_bullets,932.000000,1348.000000,16.000000
15,0,ITEM,Steven,weapon_plasmagun,670.000000,728.000000,-32.000000
16,0,ITEM,Ranger,weapon_rocketlauncher,668.000000,2096.000000,16.000000
18,0,ITEM,Steven,item_armor_body,668.000000,-80.000000,64.000000
20,0,ITEM,Ranger,weapon_shotgun,384.000000,1472.000000,16.000000
25,0,ITEM,Ranger,item_health_large,672.000000,1288.000000,16.000000
29,0,ITEM,Ranger,weapon_plasmagun,995.754822,1276.021362,24.125000
30,0,ITEM,Steven,weapon_rocketlauncher,668.000000,2096.000000,16.000000
32,0,ITEM,Ranger,item_health,1056.000000,512.000000,-24.000000
32,0,ITEM,Ranger,item_health,1120.000000,512.000000,-24.000000
37,0,ITEM,Steven,weapon_rocketlauncher,668.566650,1240.573120,24.125000
42,0,ITEM,Ranger,ammo_shells,272.000000,512.000000,-16.000000
46,0,ITEM,Ranger,item_armor_shard,212.000000,2132.000000,16.000000
46,0,ITEM,Ranger,item_armor_shard,212.000000,2096.000000,16.000000
46,0,ITEM,Ranger,item_armor_shard,212.000000,2060.000000,16.000000
48,0,ITEM,Ranger,weapon_rocketlauncher,668.000000,2096.000000,16.000000
51,0,ITEM,Ranger,weapon_shotgun,384.000000,1472.000000,16.000000
53,0,ITEM,Ranger,ammo_bullets,932.000000,1348.000000,16.000000
55,0,ITEM,Steven,weapon_plasmagun,670.000000,728.000000,-32.000000
57,0,ITEM,Steven,item_armor_body,668.000000,-80.000000,64.000000
62,0,ITEM,Steven,weapon_rocketlauncher,1073.894531,818.283569,24.125000
65,0,ITEM,Steven,item_health_large,672.000000,1288.000000,16.000000
66,0,ITEM,Ranger,weapon_shotgun,384.000000,1472.000000,16.000000
66,0,ITEM,Ranger,weapon_rocketlauncher,423.803803,1540.154785,24.127840
72,0,ITEM,Ranger,item_health,1056.000000,512.000000,-24.000000
73,0,ITEM,Ranger,weapon_plasmagun,670.000000,728.000000,-32.000000
74,0,ITEM,Steven,item_health,1120.000000,512.000000,-24.000000
85,0,ITEM,Steven,weapon_plasmagun,611.594360,1310.864868,24.188765
86,0,ITEM,Ranger,item_armor_shard,212.000000,2132.000000,16.000000
86,0,ITEM,Ranger,item_armor_shard,212.000000,2096.000000,16.000000
86,0,ITEM,Ranger,item_armor_shard,212.000000,2060.000000,16.000000
87,0,ITEM,Steven,weapon_shotgun,384.000000,1472.000000,16.000000
88,0,ITEM,Ranger,weapon_rocketlauncher,668.000000,2096.000000,16.000000
92,0,ITEM,Ranger,ammo_cells,1120.000000,1896.000000,16.000000
93,0,ITEM,Steven,weapon_rocketlauncher,1033.873535,1796.238525,24.146126
97,0,ITEM,Steven,ammo_bullets,932.000000,1348.000000,16.000000
99,0,ITEM,Ranger,ammo_shells,272.000000,512.000000,-16.000000
100,0,ITEM,Ranger,weapon_plasmagun,670.000000,728.000000,-32.000000
101,0,ITEM,Ranger,weapon_shotgun,671.080566,642.031067,-15.875000
106,0,ITEM,Ranger,item_armor_body,668.000000,-80.000000,64.000000
110,0,ITEM,Steven,item_health,1056.000000,512.000000,-24.000000
113,0,ITEM,Ranger,weapon_plasmagun,670.000000,728.000000,-32.000000
117,0,ITEM,Steven,item_armor_shard,1120.000000,2056.000000,16.000000
118,0,ITEM,Steven,item_armor_shard,1120.000000,2092.000000,16.000000
118,0,ITEM,Steven,item_armor_shard,1120.000000,2128.000000,16.000000
118,0,ITEM,Ranger,item_health_large,672.000000,1288.000000,16.000000
120,0,ITEM,Steven,weapon_rocketlauncher,668.000000,2096.000000,16.000000
123,0,ITEM,Ranger,item_armor_shard,212.000000,2132.000000,16.000000
123,0,ITEM,Ranger,item_armor_shard,212.000000,2096.000000,16.000000
123,0,ITEM,Ranger,item_armor_shard,212.000000,2060.000000,16.000000
124,0,ITEM,Ranger,weapon_rocketlauncher,282.602509,1790.785522,24.125000
131,0,ITEM,Steven,weapon_rocketlauncher,255.299896,960.643066,24.125000
134,0,ITEM,Ranger,weapon_plasmagun,670.000000,728.000000,-32.000000
134,0,ITEM,Steven,item_armor_body,668.000000,-80.000000,64.000000
140,0,ITEM,Ranger,ammo_shells,272.000000,512.000000,-16.000000
142,0,ITEM,Steven,weapon_plasmagun,670.000000,728.000000,-32.000000
143,0,ITEM,Steven,weapon_plasmagun,577.536316,656.092163,-15.875000
147,0,ITEM,Ranger,weapon_rocketlauncher,668.000000,2096.000000,16.000000
150,0,ITEM,Ranger,weapon_plasmagun,596.473938,1820.683716,24.127842
152,0,ITEM,Steven,weapon_plasmagun,670.000000,728.000000,-32.000000
152,0,ITEM,Ranger,weapon_shotgun,384.000000,1472.000000,16.000000
154,0,ITEM,Ranger,item_health_large,672.000000,1288.000000,16.000000
160,0,ITEM,Steven,weapon_rocketlauncher,668.000000,2096.000000,16.000000
167,0,ITEM,Steven,ammo_cells,1120.000000,1896.000000,16.000000
168,0,ITEM,Ranger,weapon_plasmagun,670.000000,728.000000,-32.000000
170,0,ITEM,Steven,ammo_bullets,932.000000,1348.000000,16.000000
175,0,ITEM,Ranger,weapon_shotgun,384.000000,1472.000000,16.000000
177,0,ITEM,Ranger,weapon_rocketlauncher,668.000000,2096.000000,16.000000
0,1,ITEM,World,ammo_bullets,932.000000,1348.000000,16.000000
0,1,ITEM,World,ammo_shells,272.000000,512.000000,-16.000000
0,1,ITEM,World,item_health,1120.000000,2316.000000,48.000000
0,1,ITEM,World,item_armor_shard,212.000000,2132.000000,16.000000
0,1,ITEM,World,item_health_large,672.000000,1288.000000,16.000000
0,1,ITEM,World,item_health,1120.000000,512.000000,-24.000000
0,1,ITEM,World,item_armor_body,668.000000,-80.000000,64.000000
0,1,ITEM,World,weapon_plasmagun,670.000000,728.000000,-32.000000
0,1,ITEM,World,weapon_rocketlauncher,668.000000,2096.000000,16.000000
0,1,ITEM,World,weapon_shotgun,384.000000,1472.000000,16.000000
0,1,ITEM,World,item_health,1056.000000,512.000000,-24.000000
0,1,ITEM,World,ammo_cells,1120.000000,1896.000000,16.000000
0,1,ITEM,World,item_armor_shard,212.000000,2096.000000,16.000000
0,1,ITEM,World,item_health,1084.000000,2364.000000,48.000000
0,1,ITEM,World,item_armor_shard,212.000000,2060.000000,16.000000
0,1,ITEM,World,item_armor_shard,1120.000000,2128.000000,16.000000
0,1,ITEM,World,item_armor_shard,1120.000000,2092.000000,16.000000
0,1,ITEM,World,item_armor_shard,1120.000000,2056.000000,16.000000
2,1,ITEM,Steven,item_armor_shard,212.000000,2132.000000,16.000000
3,1,ITEM,Steven,item_armor_shard,212.000000,2096.000000,16.000000
3,1,ITEM,Steven,item_armor_shard,212.000000,2060.000000,16.000000
4,1,ITEM,Ranger,ammo_cells,1120.000000,1896.000000,16.000000
4,1,ITEM,Steven,weapon_rocketlauncher,668.000000,2096.000000,16.000000
4,1,ITEM,Ranger,item_armor_shard,1120.000000,2056.000000,16.000000
4,1,ITEM,Ranger,item_armor_shard,1120.000000,2092.000000,16.000000
5,1,ITEM,Ranger,item_armor_shard,1120.000000,2128.000000,16.000000
9,1,ITEM,Ranger,item_health_large,672.000000,1288.000000,16.000000
10,1,ITEM,Ranger,ammo_bullets,932.000000,1348.000000,16.000000
15,1,ITEM,Steven,item_health,1120.000000,512.000000,-24.000000
15,1,ITEM,Steven,item_health,1056.000000,512.000000,-24.000000
17,1,ITEM,Ranger,weapon_rocketlauncher,668.000000,2096.000000,16.000000
18,1,ITEM,Steven,item_armor_body,668.000000,-80.000000,64.000000
20,1,ITEM,Steven,ammo_shells,272.000000,512.000000,-16.000000
26,1,ITEM,Steven,weapon_rocketlauncher,197.234177,1061.045166,24.129244
28,1,ITEM,Ranger,item_armor_shard,212.000000,2132.000000,16.000000
28,1,ITEM,Ranger,item_armor_shard,212.000000,2096.000000,16.000000
30,1,ITEM,Ranger,weapon_rocketlauncher,668.000000,2096.000000,16.000000
34,1,ITEM,Ranger,item_health,1084.000000,2364.000000,48.000000
34,1,ITEM,Ranger,item_health,1120.000000,2316.000000,48.000000
35,1,ITEM,Steven,weapon_plasmagun,670.000000,728.000000,-32.000000
36,1,ITEM,Ranger,weapon_rocketlauncher,539.968994,2128.327148,24.127834
36,1,ITEM,Ranger,weapon_rocketlauncher,668.000000,2096.000000,16.000000
44,1,ITEM,Ranger,weapon_plasmagun,670.000000,728.000000,-32.000000
44,1,ITEM,Steven,item_armor_shard,212.000000,2060.000000,16.000000
45,1,ITEM,Steven,weapon_rocketlauncher,668.000000,2096.000000,16.000000
48,1,ITEM,Steven,weapon_rocketlauncher,664.832153,1371.586548,24.297703
49,1,ITEM,Steven,item_health_large,672.000000,1288.000000,16.000000
50,1,ITEM,Steven,weapon_plasmagun,544.871399,1273.723145,24.125000
54,1,ITEM,Ranger,ammo_bullets,932.000000,1348.000000,16.000000
54,1,ITEM,Steven,weapon_plasmagun,670.000000,728.000000,-32.000000
57,1,ITEM,Ranger,weapon_shotgun,384.000000,1472.000000,16.000000
60,1,ITEM,Ranger,weapon_rocketlauncher,668.000000,2096.000000,16.000000
61,1,ITEM,Ranger,item_armor_shard,1120.000000,2056.000000,16.000000
62,1,ITEM,Ranger,item_armor_shard,1120.000000,2092.000000,16.000000
62,1,ITEM,Ranger,item_armor_shard,1120.000000,2128.000000,16.000000
63,1,ITEM,Ranger,ammo_cells,1120.000000,1896.000000,16.000000
64,1,ITEM,Steven,weapon_plasmagun,670.000000,728.000000,-32.000000
66,1,ITEM,Steven,item_armor_body,668.000000,-80.000000,64.000000
67,1,ITEM,Ranger,weapon_rocketlauncher,249.654846,2000.053467,24.127840
67,1,ITEM,Ranger,item_armor_shard,212.000000,2096.000000,16.000000
67,1,ITEM,Ranger,item_armor_shard,212.000000,2132.000000,16.000000
74,1,ITEM,Ranger,ammo_shells,272.000000,512.000000,-16.000000
76,1,ITEM,Ranger,weapon_plasmagun,670.000000,728.000000,-32.000000
78,1,ITEM,Steven,weapon_shotgun,384.000000,1472.000000,16.000000
78,1,ITEM,Ranger,item_health,1056.000000,512.000000,-24.000000
83,1,ITEM,Steven,weapon_shotgun,384.000000,1472.000000,16.000000
86,1,ITEM,Steven,weapon_rocketlauncher,1066.168823,884.306885,24.125000
87,1,ITEM,Steven,item_health,1120.000000,512.000000,-24.000000
91,1,ITEM,Ranger,weapon_rocketlauncher,668.000000,2096.000000,16.000000
93,1,ITEM,Steven,item_health_large,672.000000,1288.000000,16.000000
95,1,ITEM,Ranger,ammo_bullets,932.000000,1348.000000,16.000000
99,1,ITEM,Ranger,weapon_shotgun,902.010742,1294.165649,24.125000
100,1,ITEM,Steven,weapon_rocketlauncher,668.000000,2096.000000,16.000000
102,1,ITEM,Ranger,weapon_plasmagun,670.000000,728.000000,-32.000000
105,1,ITEM,Ranger,item_armor_body,668.000000,-80.000000,64.000000
108,1,ITEM,Ranger,weapon_rocketlauncher,918.956787,570.443726,-15.861262
112,1,ITEM,Steven,weapon_rocketlauncher,668.000000,2096.000000,16.000000
113,1,ITEM,Ranger,weapon_shotgun,384.000000,1472.000000,16.000000
114,1,ITEM,Steven,item_armor_shard,212.000000,2132.000000,16.000000
114,1,ITEM,Steven,item_armor_shard,212.000000,2096.000000,16.000000
114,1,ITEM,Steven,item_armor_shard,212.000000,2060.000000,16.000000
118,1,ITEM,Ranger,weapon_plasmagun,670.000000,728.000000,-32.000000
127,1,ITEM,Ranger,weapon_rocketlauncher,904.920471,688.176453,-15.875000
130,1,ITEM,Steven,weapon_rocketlauncher,359.812927,1920.336792,24.127909
136,1,ITEM,Steven,weapon_plasmagun,670.000000,728.000000,-32.000000
139,1,ITEM,Ranger,weapon_rocketlauncher,668.000000,2096.000000,16.000000
140,1,ITEM,Ranger,weapon_rocketlauncher,672.304871,1720.064575,24.127832
140,1,ITEM,Ranger,weapon_rocketlauncher,672.718262,1640.308472,24.127832
142,1,ITEM,Steven,item_health_large,672.000000,1288.000000,16.000000
144,1,ITEM,Steven,ammo_bullets,932.000000,1348.000000,16.000000
147,1,ITEM,Ranger,weapon_plasmagun,1089.083374,1220.385742,24.127838
148,1,ITEM,Steven,weapon_rocketlauncher,668.000000,2096.000000,16.000000
150,1,ITEM,Ranger,weapon_plasmagun,670.000000,728.000000,-32.000000
152,1,ITEM,Ranger,item_armor_body,668.000000,-80.000000,64.000000
159,1,ITEM,Steven,weapon_rocketlauncher,1100.585083,1126.503784,24.163914
163,1,ITEM,Steven,weapon_plasmagun,670.000000,728.000000,-32.000000
164,1,ITEM,Ranger,weapon_shotgun,384.000000,1472.000000,16.000000
166,1,ITEM,Ranger,item_armor_shard,212.000000,2060.000000,16.000000
166,1,ITEM,Ranger,item_armor_shard,212.000000,2096.000000,16.000000
167,1,ITEM,Ranger,item_armor_shard,212.000000,2132.000000,16.000000
168,1,ITEM,Ranger,weapon_rocketlauncher,668.000000,2096.000000,16.000000
174,1,ITEM,Steven,weapon_rocketlauncher,670.750916,1744.709595,24.213850
176,1,ITEM,Ranger,weapon_shotgun,384.000000,1472.000000,16.000000
178,1,ITEM,Steven,item_health,1120.000000,512.000000,-24.000000
178,1,ITEM,Steven,item_health,1056.000000,512.000000,-24.000000
181,1,ITEM,Steven,item_armor_body,668.000000,-80.000000,64.000000
182,1,ITEM,Ranger,weapon_plasmagun,670.000000,728.000000,-32.000000
188,1,ITEM,Steven,weapon_plasmagun,702.036194,803.468323,-15.874039
192,1,ITEM,Ranger,weapon_rocketlauncher,668.000000,2096.000000,16.000000
194,1,ITEM,Steven,item_health_large,672.000000,1288.000000,16.000000
198,1,ITEM,Ranger,ammo_shells,272.000000,512.000000,-16.000000
200,1,ITEM,Ranger,weapon_plasmagun,670.000000,728.000000,-32.000000
206,1,ITEM,Ranger,weapon_shotgun,384.000000,1472.000000,16.000000
208,1,ITEM,Ranger,item_armor_shard,212.000000,2060.000000,16.000000
208,1,ITEM,Ranger,item_armor_shard,212.000000,2096.000000,16.000000
208,1,ITEM,Ranger,item_armor_shard,212.000000,2132.000000,16.000000
218,1,ITEM,Ranger,item_armor_body,668.000000,-80.000000,64.000000
220,1,ITEM,Steven,ammo_bullets,932.000000,1348.000000,16.000000
222,1,ITEM,Steven,item_health,1120.000000,512.000000,-24.000000
227,1,ITEM,Ranger,ammo_cells,1120.000000,1896.000000,16.000000
228,1,ITEM,Ranger,item_armor_shard,1120.000000,2056.000000,16.000000
228,1,ITEM,Ranger,item_armor_shard,1120.000000,2092.000000,16.000000
228,1,ITEM,Ranger,item_armor_shard,1120.000000,2128.000000,16.000000
229,1,ITEM,Ranger,item_health,1120.000000,2316.000000,48.000000
229,1,ITEM,Ranger,item_health,1084.000000,2364.000000,48.000000
231,1,ITEM,Steven,weapon_rocketlauncher,668.000000,2096.000000,16.000000
235,1,ITEM,Ranger,item_health_large,672.000000,1288.000000,16.000000
236,1,ITEM,Steven,weapon_plasmagun,670.000000,728.000000,-32.000000
245,1,ITEM,Ranger,weapon_rocketlauncher,690.089294,1864.342285,24.125000
254,1,ITEM,Ranger,item_armor_body,668.000000,-80.000000,64.000000
254,1,ITEM,Steven,weapon_shotgun,384.000000,1472.000000,16.000000
257,1,ITEM,Ranger,item_health,1056.000000,512.000000,-24.000000
0,2,ITEM,World,ammo_bullets,932.000000,1348.000000,16.000000
0,2,ITEM,World,ammo_shells,272.000000,512.000000,-16.000000
0,2,ITEM,World,item_health,1120.000000,2316.000000,48.000000
0,2,ITEM,World,item_armor_shard,212.000000,2132.000000,16.000000
0,2,ITEM,World,item_health_large,672.000000,1288.000000,16.000000
0,2,ITEM,World,item_health,1120.000000,512.000000,-24.000000
0,2,ITEM,World,item_armor_body,668.000000,-80.000000,64.000000
0,2,ITEM,World,weapon_plasmagun,670.000000,728.000000,-32.000000
0,2,ITEM,World,weapon_rocketlauncher,668.000000,2096.000000,16.000000
0,2,ITEM,World,weapon_shotgun,384.000000,1472.000000,16.000000
0,2,ITEM,World,item_health,1056.000000,512.000000,-24.000000
0,2,ITEM,World,ammo_cells,1120.000000,1896.000000,16.000000
0,2,ITEM,World,item_armor_shard,212.000000,2096.000000,16.000000
0,2,ITEM,World,item_health,1084.000000,2364.000000,48.000000
0,2,ITEM,World,item_armor_shard,212.000000,2060.000000,16.000000
0,2,ITEM,World,item_armor_shard,1120.000000,2128.000000,16.000000
0,2,ITEM,World,item_armor_shard,1120.000000,2092.000000,16.000000
0,2,ITEM,World,item_armor_shard,1120.000000,2056.000000,16.000000
2,2,ITEM,Steven,item_armor_shard,212.000000,2132.000000,16.000000
2,2,ITEM,Steven,item_armor_shard,212.000000,2096.000000,16.000000
2,2,ITEM,Steven,item_armor_shard,212.000000,2060.000000,16.000000
4,2,ITEM,Steven,weapon_rocketlauncher,668.000000,2096.000000,16.000000
5,2,ITEM,Ranger,weapon_plasmagun,670.000000,728.000000,-32.000000
7,2,ITEM,Steven,weapon_shotgun,384.000000,1472.000000,16.000000
8,2,ITEM,Ranger,item_armor_body,668.000000,-80.000000,64.000000
14,2,ITEM,Ranger,ammo_bullets,932.000000,1348.000000,16.000000
19,2,ITEM,Ranger,item_health_large,672.000000,1288.000000,16.000000
20,2,ITEM,Ranger,weapon_shotgun,384.000000,1472.000000,16.000000
20,2,ITEM,Ranger,weapon_shotgun,422.567566,1462.601929,24.127832
22,2,ITEM,Steven,weapon_rocketlauncher,668.000000,2096.000000,16.000000
27,2,ITEM,Ranger,ammo_shells,272.000000,512.000000,-16.000000
35,2,ITEM,Steven,item_armor_body,668.000000,-80.000000,64.000000
36,2,ITEM,Ranger,ammo_cells,1120.000000,1896.000000,16.000000
37,2,ITEM,Ranger,item_armor_shard,1120.000000,2056.000000,16.000000
37,2,ITEM,Ranger,item_armor_shard,1120.000000,2092.000000,16.000000
37,2,ITEM,Ranger,item_armor_shard,1120.000000,2128.000000,16.000000
39,2,ITEM,Ranger,weapon_rocketlauncher,668.000000,2096.000000,16.000000
42,2,ITEM,Ranger,item_armor_shard,212.000000,2132.000000,16.000000
42,2,ITEM,Ranger,item_armor_shard,212.000000,2096.000000,16.000000
42,2,ITEM,Ranger,item_armor_shard,212.000000,2060.000000,16.000000
48,2,ITEM,Ranger,weapon_rocketlauncher,668.000000,2096.000000,16.000000
50,2,ITEM,Ranger,weapon_rocketlauncher,920.874390,2222.507080,28.125000
51,2,ITEM,Steven,weapon_plasmagun,670.000000,728.000000,-32.000000
55,2,ITEM,Ranger,weapon_shotgun,384.000000,1472.000000,16.000000
57,2,ITEM,Steven,item_health_large,672.000000,1288.000000,16.000000
58,2,ITEM,Steven,weapon_rocketlauncher,652.061829,1425.752319,24.128124
61,2,ITEM,Ranger,ammo_bullets,932.000000,1348.000000,16.000000
66,2,ITEM,Ranger,item_armor_shard,1120.000000,2056.000000,16.000000
66,2,ITEM,Ranger,item_armor_shard,1120.000000,2092.000000,16.000000
66,2,ITEM,Ranger,item_armor_shard,1120.000000,2128.000000,16.000000
68,2,ITEM,Steven,weapon_rocketlauncher,668.000000,2096.000000,16.000000
70,2,ITEM,Ranger,item_health,1084.000000,2364.000000,48.000000
70,2,ITEM,Ranger,item_health,1120.000000,2316.000000,48.000000
74,2,ITEM,Steven,weapon_rocketlauncher,668.000000,2096.000000,16.000000
77,2,ITEM,Steven,ammo_cells,1120.000000,1896.000000,16.000000
80,2,ITEM,Ranger,ammo_shells,272.000000,512.000000,-16.000000
81,2,ITEM,Ranger,weapon_plasmagun,670.000000,728.000000,-32.000000
83,2,ITEM,Steven,item_health,1056.000000,512.000000,-24.000000
83,2,ITEM,Steven,item_health,1120.000000,512.000000,-24.000000
84,2,ITEM,Ranger,item_armor_body,668.000000,-80.000000,64.000000
88,2,ITEM,Ranger,weapon_rocketlauncher,500.409180,415.748077,-15.875000
92,2,ITEM,Steven,weapon_rocketlauncher,668.000000,2096.000000,16.000000
93,2,ITEM,Ranger,item_health_large,672.000000,1288.000000,16.000000
108,2,ITEM,Ranger,item_armor_shard,1120.000000,2056.000000,16.000000
108,2,ITEM,Ranger,item_armor_shard,1120.000000,2092.000000,16.000000
108,2,ITEM,Ranger,item_armor_shard,1120.000000,2128.000000,16.000000
109,2,ITEM,Ranger,item_health,1120.000000,2316.000000,48.000000
110,2,ITEM,Ranger,item_health,1084.000000,2364.000000,48.000000
111,2,ITEM,Ranger,weapon_rocketlauncher,668.000000,2096.000000,16.000000
118,2,ITEM,Ranger,item_armor_shard,212.000000,2132.000000,16.000000
118,2,ITEM,Steven,weapon_plasmagun,670.000000,728.000000,-32.000000
119,2,ITEM,Ranger,item_armor_shard,212.000000,2096.000000,16.000000
121,2,ITEM,Steven,item_armor_body,668.000000,-80.000000,64.000000
121,2,ITEM,Ranger,weapon_rocketlauncher,668.000000,2096.000000,16.000000
125,2,ITEM,Ranger,weapon_rocketlauncher,457.473236,1464.657715,24.130903
125,2,ITEM,Ranger,weapon_shotgun,384.000000,1472.000000,16.000000
125,2,ITEM,Ranger,weapon_rocketlauncher,416.290802,1454.046021,24.130903
132,2,ITEM,Steven,weapon_rocketlauncher,583.597168,1529.402100,28.125000
134,2,ITEM,Ranger,ammo_bullets,932.000000,1348.000000,16.000000
150,2,ITEM,Ranger,weapon_plasmagun,670.000000,728.000000,-32.000000
151,2,ITEM,Ranger,ammo_shells,272.000000,512.000000,-16.000000
159,2,ITEM,Ranger,item_armor_shard,212.000000,2132.000000,16.000000
159,2,ITEM,Ranger,item_armor_shard,212.000000,2096.000000,16.000000
159,2,ITEM,Ranger,item_armor_shard,212.000000,2060.000000,16.000000
160,2,ITEM,Steven,weapon_plasmagun,670.000000,728.000000,-32.000000
162,2,ITEM,Ranger,weapon_rocketlauncher,283.422302,1616.518433,24.125000
162,2,ITEM,Steven,item_armor_body,668.000000,-80.000000,64.000000
163,2,ITEM,Ranger,weapon_shotgun,384.000000,1472.000000,16.000000
163,2,ITEM,Ranger,weapon_plasmagun,423.704620,1506.592407,24.125000
170,2,ITEM,Ranger,item_health_large,672.000000,1288.000000,16.000000
174,2,ITEM,Steven,weapon_shotgun,384.000000,1472.000000,16.000000
176,2,ITEM,Ranger,weapon_rocketlauncher,622.145752,1287.470093,24.125000
178,2,ITEM,Ranger,ammo_bullets,932.000000,1348.000000,16.000000
181,2,ITEM,Ranger,item_health,1120.000000,512.000000,-24.000000
182,2,ITEM,Ranger,item_health,1056.000000,512.000000,-24.000000
186,2,ITEM,Steven,weapon_rocketlauncher,539.304016,1509.115723,28.125000
193,2,ITEM,Ranger,weapon_plasmagun,670.000000,728.000000,-32.000000
195,2,ITEM,Ranger,item_armor_body,668.000000,-80.000000,64.000000
210,2,ITEM,Ranger,item_health_large,672.000000,1288.000000,16.000000
211,2,ITEM,Ranger,weapon_plasmagun,515.597534,1531.041138,28.125000
217,2,ITEM,Ranger,weapon_plasmagun,670.000000,728.000000,-32.000000
223,2,ITEM,Steven,weapon_plasmagun,480.616913,1495.953369,24.449467
223,2,ITEM,Steven,weapon_shotgun,384.000000,1472.000000,16.000000
226,2,ITEM,Ranger,item_armor_shard,212.000000,2132.000000,16.000000
226,2,ITEM,Ranger,item_armor_shard,212.000000,2096.000000,16.000000
226,2,ITEM,Ranger,item_armor_shard,212.000000,2060.000000,16.000000
229,2,ITEM,Ranger,weapon_rocketlauncher,668.000000,2096.000000,16.000000
233,2,ITEM,Steven,weapon_plasmagun,670.000000,728.000000,-32.000000
234,2,ITEM,Ranger,ammo_bullets,932.000000,1348.000000,16.000000
235,2,ITEM,Steven,item_armor_body,668.000000,-80.000000,64.000000
237,2,ITEM,Ranger,weapon_rocketlauncher,668.000000,2096.000000,16.000000
238,2,ITEM,Ranger,weapon_shotgun,841.505188,2256.958496,28.125000
239,2,ITEM,Ranger,weapon_rocketlauncher,992.415283,2269.959961,39.125000
240,2,ITEM,Ranger,item_armor_shard,1120.000000,2128.000000,16.000000
240,2,ITEM,Ranger,item_armor_shard,1120.000000,2092.000000,16.000000
240,2,ITEM,Ranger,item_armor_shard,1120.000000,2056.000000,16.000000
241,2,ITEM,Ranger,ammo_cells,1120.000000,1896.000000,16.000000
243,2,ITEM,Steven,weapon_shotgun,384.000000,1472.000000,16.000000
249,2,ITEM,Steven,item_health,1120.000000,2316.000000,48.000000
256,2,ITEM,Ranger,item_health_large,672.000000,1288.000000,16.000000
268,2,ITEM,Ranger,item_armor_shard,1120.000000,2056.000000,16.000000
269,2,ITEM,Ranger,item_armor_shard,1120.000000,2092.000000,16.000000
269,2,ITEM,Ranger,item_armor_shard,1120.000000,2128.000000,16.000000
270,2,ITEM,Ranger,item_health,1084.000000,2364.000000,48.000000
273,2,ITEM,Ranger,weapon_rocketlauncher,668.000000,2096.000000,16.000000
274,2,ITEM,Ranger,weapon_shotgun,1032.105591,1991.876831,24.127844
275,2,ITEM,Steven,weapon_plasmagun,670.000000,728.000000,-32.000000
277,2,ITEM,Steven,item_armor_body,668.000000,-80.000000,64.000000
278,2,ITEM,Ranger,item_armor_shard,212.000000,2132.000000,16.000000
278,2,ITEM,Ranger,item_armor_shard,212.000000,2096.000000,16.000000
278,2,ITEM,Ranger,item_armor_shard,212.000000,2060.000000,16.000000
280,2,ITEM,Ranger,weapon_shotgun,384.000000,1472.000000,16.000000
283,2,ITEM,Ranger,ammo_bullets,932.000000,1348.000000,16.000000
292,2,ITEM,Ranger,ammo_shells,272.000000,512.000000,-16.000000
294,2,ITEM,Ranger,weapon_plasmagun,670.000000,728.000000,-32.000000
295,2,ITEM,Steven,weapon_rocketlauncher,668.000000,2096.000000,16.000000
296,2,ITEM,Ranger,item_health,1056.000000,512.000000,-24.000000
296,2,ITEM,Ranger,item_health,1120.000000,512.000000,-24.000000
298,2,ITEM,Steven,weapon_shotgun,384.000000,1472.000000,16.000000
304,2,ITEM,Ranger,item_health_large,672.000000,1288.000000,16.000000
307,2,ITEM,Ranger,ammo_cells,1120.000000,1896.000000,16.000000
307,2,ITEM,Ranger,item_armor_shard,1120.000000,2056.000000,16.000000
307,2,ITEM,Ranger,item_armor_shard,1120.000000,2092.000000,16.000000
308,2,ITEM,Ranger,item_armor_shard,1120.000000,2128.000000,16.000000
308,2,ITEM,Ranger,item_health,1120.000000,2316.000000,48.000000
313,2,ITEM,Ranger,weapon_rocketlauncher,686.717163,2259.964600,24.127855
315,2,ITEM,Ranger,item_armor_shard,212.000000,2096.000000,16.000000
315,2,ITEM,Ranger,item_armor_shard,212.000000,2132.000000,16.000000
315,2,ITEM,Ranger,item_armor_shard,212.000000,2060.000000,16.000000
317,2,ITEM,Ranger,weapon_shotgun,384.000000,1472.000000,16.000000
320,2,ITEM,Steven,weapon_rocketlauncher,623.856506,1501.740967,24.145908
323,2,ITEM,Steven,weapon_shotgun,384.000000,1472.000000,16.000000
324,2,ITEM,Ranger,weapon_rocketlauncher,668.000000,2096.000000,16.000000
329,2,ITEM,Ranger,weapon_shotgun,384.000000,1472.000000,16.000000
330,2,ITEM,Ranger,weapon_rocketlauncher,489.356995,1464.781616,24.128841
332,2,ITEM,Steven,ammo_bullets,932.000000,1348.000000,16.000000
336,2,ITEM,Steven,weapon_shotgun,384.000000,1472.000000,16.000000
337,2,ITEM,Ranger,weapon_rocketlauncher,668.000000,2096.000000,16.000000
339,2,ITEM,Ranger,item_armor_shard,1120.000000,2128.000000,16.000000
339,2,ITEM,Ranger,item_armor_shard,1120.000000,2092.000000,16.000000
340,2,ITEM,Ranger,item_health,1084.000000,2364.000000,48.000000
341,2,ITEM,Ranger,item_armor_shard,1120.000000,2056.000000,16.000000
345,2,ITEM,Ranger,weapon_shotgun,1099.048096,2079.109619,24.127838
346,2,ITEM,Steven,weapon_plasmagun,670.000000,728.000000,-32.000000
348,2,ITEM,Steven,item_armor_body,668.000000,-80.000000,64.000000
349,2,ITEM,Ranger,item_health_large,672.000000,1288.000000,16.000000
354,2,ITEM,Ranger,weapon_plasmagun,670.000000,728.000000,-32.000000
362,2,ITEM,Steven,weapon_rocketlauncher,743.732483,1323.160889,24.125000
364,2,ITEM,Steven,weapon_shotgun,384.000000,1472.000000,16.000000
369,2,ITEM,Steven,weapon_shotgun,384.000000,1472.000000,16.000000
372,2,ITEM,Ranger,weapon_rocketlauncher,668.000000,2096.000000,16.000000
374,2,ITEM,Ranger,ammo_cells,1120.000000,1896.000000,16.000000
375,2,ITEM,Ranger,item_armor_shard,1120.000000,2056.000000,16.000000
375,2,ITEM,Ranger,item_armor_shard,1120.000000,2092.000000,16.000000
375,2,ITEM,Ranger,item_armor_shard,1120.000000,2128.000000,16.000000
376,2,ITEM,Ranger,item_health,1120.000000,2316.000000,48.000000
384,2,ITEM,Ranger,ammo_shells,272.000000,512.000000,-16.000000
0,3,ITEM,World,ammo_bullets,932.000000,1348.000000,16.000000
0,3,ITEM,World,ammo_shells,272.000000,512.000000,-16.000000
0,3,ITEM,World,item_health,1120.000000,2316.000000,48.000000
0,3,ITEM,World,item_armor_shard,212.000000,2132.000000,16.000000
0,3,ITEM,World,item_health_large,672.000000,1288.000000,16.000000
0,3,ITEM,World,item_health,1120.000000,512.000000,-24.000000
0,3,ITEM,World,item_armor_body,668.000000,-80.000000,64.000000
0,3,ITEM,World,weapon_plasmagun,670.000000,728.000000,-32.000000
0,3,ITEM,World,weapon_rocketlauncher,668.000000,2096.000000,16.000000
0,3,ITEM,World,weapon_shotgun,384.000000,1472.000000,16.000000
0,3,ITEM,World,item_health,1056.000000,512.000000,-24.000000
0,3,ITEM,World,ammo_cells,1120.000000,1896.000000,16.000000
0,3,ITEM,World,item_armor_shard,212.000000,2096.000000,16.000000
0,3,ITEM,World,item_health,1084.000000,2364.000000,48.000000
0,3,ITEM,World,item_armor_shard,212.000000,2060.000000,16.000000
0,3,ITEM,World,item_armor_shard,1120.000000,2128.000000,16.000000
0,3,ITEM,World,item_armor_shard,1120.000000,2092.000000,16.000000
0,3,ITEM,World,item_armor_shard,1120.000000,2056.000000,16.000000
4,3,ITEM,Ranger,ammo_cells,1120.000000,1896.000000,16.000000
6,3,ITEM,Ranger,weapon_rocketlauncher,668.000000,2096.000000,16.000000
7,3,ITEM,Ranger,item_armor_shard,1120.000000,2056.000000,16.000000
7,3,ITEM,Ranger,item_armor_shard,1120.000000,2092.000000,16.000000
8,3,ITEM,Ranger,item_armor_shard,1120.000000,2128.000000,16.000000
15,3,ITEM,Ranger,weapon_plasmagun,670.000000,728.000000,-32.000000
17,3,ITEM,Ranger,ammo_shells,272.000000,512.000000,-16.000000
20,3,ITEM,Ranger,weapon_rocketlauncher,482.098419,1243.551392,24.125000
26,3,ITEM,Ranger,item_armor_body,668.000000,-80.000000,64.000000
32,3,ITEM,Steven,item_health_large,672.000000,1288.000000,16.000000
35,3,ITEM,Ranger,ammo_bullets,932.000000,1348.000000,16.000000
37,3,ITEM,Ranger,weapon_rocketlauncher,338.207397,1285.000977,24.125000
40,3,ITEM,Ranger,weapon_plasmagun,670.000000,728.000000,-32.000000
44,3,ITEM,Steven,item_health,1056.000000,512.000000,-24.000000
44,3,ITEM,Steven,item_health,1120.000000,512.000000,-24.000000
46,3,ITEM,Ranger,weapon_rocketlauncher,607.509888,728.442444,-15.875000
46,3,ITEM,Ranger,weapon_plasmagun,670.000000,728.000000,-32.000000
58,3,ITEM,Ranger,item_armor_shard,212.000000,2132.000000,16.000000
59,3,ITEM,Ranger,item_armor_shard,212.000000,2096.000000,16.000000
61,3,ITEM,Ranger,weapon_rocketlauncher,668.000000,2096.000000,16.000000
63,3,ITEM,Steven,item_armor_body,668.000000,-80.000000,64.000000
64,3,ITEM,Ranger,weapon_shotgun,384.000000,1472.000000,16.000000
66,3,ITEM,Ranger,weapon_rocketlauncher,1033.919434,1271.208008,24.127842
79,3,ITEM,Steven,ammo_shells,272.000000,512.000000,-16.000000
83,3,ITEM,Ranger,weapon_rocketlauncher,668.000000,2096.000000,16.000000
83,3,ITEM,Steven,item_health_large,672.000000,1288.000000,16.000000
83,3,ITEM,Steven,ammo_bullets,932.000000,1348.000000,16.000000
86,3,ITEM,Steven,weapon_shotgun,384.000000,1472.000000,16.000000
88,3,ITEM,Ranger,item_armor_shard,212.000000,2132.000000,16.000000
88,3,ITEM,Ranger,item_armor_shard,212.000000,2096.000000,16.000000
88,3,ITEM,Ranger,item_armor_shard,212.000000,2060.000000,16.000000
91,3,ITEM,Ranger,weapon_rocketlauncher,668.000000,2096.000000,16.000000
93,3,ITEM,Ranger,ammo_cells,1120.000000,1896.000000,16.000000
94,3,ITEM,Steven,item_armor_body,668.000000,-80.000000,64.000000
95,3,ITEM,Ranger,weapon_rocketlauncher,781.760681,1521.766480,28.125000
102,3,ITEM,Ranger,weapon_plasmagun,670.000000,728.000000,-32.000000
108,3,ITEM,Ranger,weapon_plasmagun,670.000000,728.000000,-32.000000
114,3,ITEM,Ranger,weapon_rocketlauncher,803.940796,1261.432129,24.127842
118,3,ITEM,Ranger,weapon_plasmagun,892.430908,639.377869,-15.875000
120,3,ITEM,Ranger,weapon_plasmagun,670.000000,728.000000,-32.000000
122,3,ITEM,Steven,item_health_large,672.000000,1288.000000,16.000000
128,3,ITEM,Ranger,weapon_shotgun,384.000000,1472.000000,16.000000
131,3,ITEM,Ranger,item_armor_shard,212.000000,2060.000000,16.000000
131,3,ITEM,Ranger,item_armor_shard,212.000000,2096.000000,16.000000
135,3,ITEM,Steven,item_armor_shard,212.000000,2132.000000,16.000000
137,3,ITEM,Ranger,ammo_bullets,932.000000,1348.000000,16.000000
140,3,ITEM,Ranger,weapon_shotgun,384.000000,1472.000000,16.000000
141,3,ITEM,Ranger,weapon_rocketlauncher,232.671524,1956.354004,24.127842
